Id,class
11,p
20,p
23,p
25,p
28,p
29,p
30,p
36,p
41,p
50,p
53,p
54,p
57,p
60,p
61,p
67,p
68,p
69,p
71,p
75,p
81,p
83,p
86,p
89,p
91,p
92,p
95,p
98,p
99,p
101,p
102,p
108,p
110,p
114,p
115,p
116,p
119,p
122,p
123,p
127,p
129,p
130,p
133,p
137,p
138,p
145,p
146,p
147,p
149,p
150,p
152,p
154,p
156,p
167,p
169,p
170,p
175,p
176,p
178,p
179,p
186,p
196,p
206,p
212,p
217,p
224,p
225,p
231,p
233,p
237,p
241,p
244,p
247,p
248,p
249,p
256,p
257,p
259,p
265,p
271,p
273,p
274,p
277,p
280,p
281,p
285,p
291,p
294,p
295,p
297,p
299,p
300,p
304,p
305,p
307,p
313,p
315,p
317,p
320,p
321,p
323,p
337,p
339,p
343,p
345,p
353,p
356,p
358,p
361,p
362,p
364,p
370,p
372,p
373,p
375,p
378,p
380,p
382,p
384,p
386,p
389,p
392,p
397,p
413,p
415,p
417,p
423,p
424,p
435,p
436,p
439,p
452,p
459,p
462,p
465,p
467,p
468,p
470,p
471,p
473,p
475,p
477,p
479,p
480,p
481,p
483,p
486,p
490,p
493,p
494,p
499,p
500,p
501,p
505,p
510,p
516,p
519,p
520,p
529,p
532,p
534,p
536,p
537,p
543,p
544,p
546,p
548,p
553,p
556,p
558,p
570,p
572,p
573,p
575,p
577,p
578,p
582,p
584,p
585,p
588,p
596,p
599,p
601,p
603,p
606,p
610,p
616,p
617,p
625,p
628,p
629,p
632,p
637,p
640,p
650,p
657,p
664,p
668,p
669,p
670,p
677,p
683,p
684,p
686,p
693,p
694,p
696,p
699,p
700,p
701,p
706,p
708,p
709,p
710,p
711,p
715,p
716,p
717,p
721,p
724,p
727,p
729,p
737,p
740,p
743,p
745,p
757,p
759,p
766,p
767,p
769,p
770,p
773,p
777,p
779,p
783,p
784,p
786,p
787,p
788,p
789,p
790,p
800,p
802,p
808,p
809,p
810,p
819,p
823,p
826,p
827,p
832,p
834,p
837,p
844,p
846,p
857,p
858,p
861,p
867,p
870,p
871,p
878,p
883,p
884,p
885,p
888,p
895,p
903,p
904,p
906,p
907,p
908,p
911,p
912,p
914,p
915,p
916,p
917,p
922,p
924,p
932,p
934,p
941,p
947,p
949,p
950,p
952,p
956,p
957,p
958,p
959,p
970,p
971,p
973,p
974,p
975,p
976,p
979,p
985,p
993,p
996,p
999,p
1009,p
1013,p
1015,p
1018,p
1019,p
1020,p
1023,p
1024,p
1033,p
1039,p
1040,p
1042,p
1046,p
1048,p
1049,p
1050,p
1058,p
1064,p
1067,p
1072,p
1073,p
1077,p
1079,p
1080,p
1081,p
1094,p
1096,p
1104,p
1105,p
1106,p
1112,p
1113,p
1114,p
1115,p
1118,p
1128,p
1130,p
1135,p
1136,p
1137,p
1138,p
1139,p
1143,p
1146,p
1150,p
1157,p
1158,p
1160,p
1166,p
1167,p
1174,p
1182,p
1184,p
1185,p
1186,p
1189,p
1191,p
1198,p
1204,p
1210,p
1216,p
1218,p
1221,p
1231,p
1232,p
1236,p
1242,p
1246,p
1247,p
1248,p
1252,p
1262,p
1265,p
1269,p
1272,p
1275,p
1282,p
1283,p
1286,p
1294,p
1297,p
1298,p
1301,p
1302,p
1310,p
1313,p
1318,p
1323,p
1325,p
1328,p
1330,p
1334,p
1336,p
1338,p
1343,p
1344,p
1345,p
1353,p
1355,p
1358,p
1359,p
1362,p
1366,p
1367,p
1373,p
1383,p
1386,p
1387,p
1395,p
1399,p
1401,p
1403,p
1404,p
1406,p
1409,p
1410,p
1418,p
1423,p
1435,p
1438,p
1439,p
1444,p
1446,p
1449,p
1453,p
1454,p
1455,p
1457,p
1463,p
1466,p
1467,p
1472,p
1476,p
1480,p
1482,p
1484,p
1485,p
1486,p
1487,p
1489,p
1494,p
1495,p
1500,p
1501,p
1509,p
1511,p
1513,p
1514,p
1516,p
1518,p
1520,p
1522,p
1525,p
1526,p
1530,p
1532,p
1534,p
1535,p
1539,p
1542,p
1547,p
1548,p
1549,p
1551,p
1554,p
1558,p
1562,p
1563,p
1568,p
1574,p
1579,p
1586,p
1594,p
1597,p
1606,p
1611,p
1614,p
1620,p
1624,p
1627,p
1628,p
1631,p
1633,p
1634,p
1635,p
1638,p
1640,p
1642,p
1648,p
1651,p
1654,p
1655,p
1656,p
1666,p
1667,p
1669,p
1675,p
1678,p
1679,p
1683,p
1684,p
1688,p
1691,p
1692,p
1700,p
1702,p
1707,p
1713,p
1714,p
1715,p
1721,p
1722,p
1725,p
1730,p
1732,p
1737,p
1743,p
1745,p
1748,p
1751,p
1754,p
1755,p
1756,p
1758,p
1759,p
1763,p
1764,p
1766,p
1767,p
1769,p
1774,p
1776,p
1782,p
1785,p
1789,p
1790,p
1797,p
1802,p
1804,p
1805,p
1809,p
1816,p
1819,p
1834,p
1836,p
1837,p
1842,p
1843,p
1859,p
1863,p
1864,p
1865,p
1873,p
1876,p
1877,p
1879,p
1884,p
1887,p
1895,p
1898,p
1899,p
1901,p
1902,p
1903,p
1907,p
1914,p
1919,p
1926,p
1934,p
1942,p
1946,p
1949,p
1950,p
1959,p
1960,p
1964,p
1965,p
1969,p
1971,p
1978,p
1980,p
1984,p
1990,p
1992,p
1993,p
1994,p
1995,p
1997,p
2003,p
2006,p
2009,p
2010,p
2011,p
2021,p
2022,p
2028,p
2036,p
2039,p
2042,p
2045,p
2046,p
2050,p
2051,p
2052,p
2053,p
2054,p
2057,p
2064,p
2065,p
2072,p
2073,p
2076,p
2077,p
2079,p
2080,p
2082,p
2084,p
2088,p
2090,p
2092,p
2098,p
2101,p
2107,p
2110,p
2111,p
2123,p
2131,p
2133,p
2137,p
2138,p
2141,p
2145,p
2146,p
2153,p
2155,p
2156,p
2161,p
2164,p
2168,p
2172,p
2178,p
2179,p
2184,p
2186,p
2187,p
2188,p
2192,p
2195,p
2196,p
2197,p
2200,p
2203,p
2208,p
2212,p
2214,p
2218,p
2221,p
2225,p
2226,p
2227,p
2228,p
2232,p
2235,p
2237,p
2241,p
2248,p
2252,p
2254,p
2255,p
2256,p
2258,p
2264,p
2265,p
2268,p
2270,p
2272,p
2274,p
2284,p
2288,p
2293,p
2297,p
2298,p
2303,p
2304,p
2305,p
2310,p
2313,p
2329,p
2330,p
2332,p
2335,p
2338,p
2339,p
2340,p
2342,p
2344,p
2347,p
2350,p
2355,p
2356,p
2358,p
2361,p
2364,p
2368,p
2371,p
2385,p
2395,p
2396,p
2401,p
2403,p
2411,p
2416,p
2418,p
2425,p
2430,p
2432,p
2434,p
2435,p
2438,p
2440,p
2441,p
2451,p
2459,p
2478,p
2479,p
2480,p
2482,p
2483,p
2487,p
2490,p
2494,p
2497,p
2499,p
2505,p
2510,p
2512,p
2515,p
2516,p
2521,p
2528,p
2530,p
2536,p
2537,p
2539,p
2540,p
2541,p
2548,p
2551,p
2552,p
2554,p
2556,p
2558,p
2562,p
2563,p
2566,p
2568,p
2571,p
2573,p
2574,p
2575,p
2578,p
2581,p
2582,p
2586,p
2587,p
2592,p
2596,p
2602,p
2610,p
2615,p
2616,p
2618,p
2619,p
2625,p
2639,p
2643,p
2644,p
2648,p
2649,p
2651,p
2656,p
2657,p
2658,p
2659,p
2663,p
2666,p
2670,p
2674,p
2678,p
2679,p
2681,p
2684,p
2687,p
2694,p
2698,p
2699,p
2702,p
2705,p
2707,p
2708,p
2717,p
2722,p
2724,p
2725,p
2726,p
2730,p
2731,p
2732,p
2739,p
2743,p
2744,p
2752,p
2757,p
2758,p
2759,p
2763,p
2764,p
2775,p
2783,p
2791,p
2793,p
2794,p
2795,p
2796,p
2801,p
2803,p
2804,p
2805,p
2807,p
2808,p
2809,p
2811,p
2817,p
2823,p
2834,p
2837,p
2839,p
2845,p
2846,p
2847,p
2849,p
2851,p
2852,p
2853,p
2857,p
2859,p
2860,p
2862,p
2869,p
2873,p
2874,p
2876,p
2885,p
2886,p
2887,p
2889,p
2891,p
2893,p
2895,p
2898,p
2901,p
2910,p
2911,p
2912,p
2913,p
2915,p
2916,p
2917,p
2926,p
2933,p
2939,p
2943,p
2944,p
2946,p
2947,p
2948,p
2955,p
2959,p
2981,p
2985,p
2988,p
2989,p
2991,p
2992,p
2994,p
2998,p
3004,p
3009,p
3010,p
3011,p
3014,p
3019,p
3021,p
3022,p
3023,p
3032,p
3033,p
3034,p
3035,p
3036,p
3037,p
3042,p
3043,p
3046,p
3054,p
3059,p
3060,p
3067,p
3071,p
3073,p
3074,p
3079,p
3080,p
3093,p
3105,p
3108,p
3118,p
3121,p
3125,p
3129,p
3132,p
3135,p
3137,p
3138,p
3143,p
3146,p
3150,p
3151,p
3153,p
3155,p
3157,p
3160,p
3169,p
3172,p
3177,p
3181,p
3183,p
3189,p
3191,p
3195,p
3196,p
3202,p
3203,p
3210,p
3212,p
3220,p
3221,p
3224,p
3226,p
3228,p
3231,p
3237,p
3242,p
3244,p
3248,p
3250,p
3258,p
3264,p
3268,p
3269,p
3273,p
3274,p
3275,p
3277,p
3278,p
3281,p
3284,p
3289,p
3296,p
3298,p
3300,p
3306,p
3307,p
3308,p
3313,p
3314,p
3315,p
3316,p
3317,p
3319,p
3320,p
3322,p
3326,p
3327,p
3337,p
3338,p
3339,p
3343,p
3346,p
3357,p
3359,p
3360,p
3370,p
3372,p
3376,p
3380,p
3384,p
3386,p
3392,p
3394,p
3396,p
3397,p
3399,p
3410,p
3411,p
3412,p
3413,p
3422,p
3424,p
3426,p
3428,p
3431,p
3433,p
3437,p
3439,p
3442,p
3446,p
3449,p
3450,p
3452,p
3455,p
3461,p
3463,p
3465,p
3466,p
3475,p
3500,p
3507,p
3509,p
3514,p
3516,p
3517,p
3520,p
3522,p
3525,p
3527,p
3529,p
3535,p
3537,p
3538,p
3554,p
3560,p
3563,p
3566,p
3568,p
3573,p
3580,p
3583,p
3584,p
3585,p
3590,p
3593,p
3603,p
3606,p
3611,p
3613,p
3621,p
3622,p
3630,p
3632,p
3633,p
3635,p
3639,p
3642,p
3643,p
3649,p
3650,p
3654,p
3656,p
3662,p
3663,p
3666,p
3668,p
3669,p
3670,p
3672,p
3674,p
3675,p
3679,p
3685,p
3686,p
3688,p
3691,p
3692,p
3693,p
3695,p
3703,p
3705,p
3708,p
3712,p
3719,p
3723,p
3724,p
3726,p
3728,p
3731,p
3732,p
3742,p
3749,p
3755,p
3756,p
3760,p
3761,p
3765,p
3769,p
3770,p
3775,p
3779,p
3786,p
3790,p
3795,p
3796,p
3804,p
3808,p
3809,p
3818,p
3819,p
3820,p
3821,p
3823,p
3825,p
3826,p
3828,p
3829,p
3833,p
3841,p
3842,p
3847,p
3854,p
3857,p
3858,p
3859,p
3864,p
3866,p
3867,p
3871,p
3872,p
3876,p
3877,p
3882,p
3883,p
3885,p
3894,p
3900,p
3901,p
3903,p
3906,p
3908,p
3909,p
3910,p
3913,p
3914,p
3918,p
3921,p
3923,p
3930,p
3931,p
3932,p
3933,p
3935,p
3942,p
3947,p
3948,p
3949,p
3953,p
3957,p
3962,p
3969,p
3973,p
3974,p
3979,p
3981,p
3986,p
3989,p
3990,p
3993,p
3994,p
4002,p
4003,p
4007,p
4009,p
4014,p
4015,p
4016,p
4018,p
4020,p
4022,p
4024,p
4025,p
4030,p
4031,p
4032,p
4034,p
4036,p
4040,p
4042,p
4047,p
4051,p
4053,p
4054,p
4055,p
4057,p
4059,p
4066,p
4078,p
4079,p
4080,p
4082,p
4086,p
4090,p
4094,p
4096,p
4101,p
4102,p
4104,p
4109,p
4110,p
4111,p
4112,p
4117,p
4119,p
4124,p
4134,p
4138,p
4142,p
4143,p
4146,p
4150,p
4151,p
4152,p
4155,p
4161,p
4162,p
4164,p
4165,p
4170,p
4171,p
4177,p
4186,p
4188,p
4191,p
4192,p
4193,p
4194,p
4198,p
4204,p
4209,p
4210,p
4214,p
4215,p
4217,p
4222,p
4223,p
4226,p
4235,p
4253,p
4256,p
4258,p
4262,p
4264,p
4266,p
4269,p
4270,p
4272,p
4274,p
4282,p
4288,p
4294,p
4296,p
4301,p
4305,p
4306,p
4311,p
4312,p
4313,p
4317,p
4318,p
4322,p
4331,p
4332,p
4335,p
4343,p
4344,p
4349,p
4355,p
4359,p
4361,p
4362,p
4363,p
4368,p
4369,p
4373,p
4379,p
4381,p
4382,p
4383,p
4391,p
4394,p
4396,p
4402,p
4407,p
4411,p
4421,p
4424,p
4425,p
4434,p
4436,p
4438,p
4441,p
4444,p
4446,p
4447,p
4452,p
4454,p
4455,p
4460,p
4463,p
4464,p
4465,p
4469,p
4472,p
4473,p
4475,p
4476,p
4478,p
4485,p
4486,p
4489,p
4498,p
4500,p
4503,p
4511,p
4512,p
4516,p
4527,p
4532,p
4536,p
4539,p
4543,p
4544,p
4551,p
4554,p
4556,p
4558,p
4560,p
4562,p
4566,p
4571,p
4579,p
4580,p
4581,p
4583,p
4584,p
4587,p
4592,p
4594,p
4599,p
4606,p
4608,p
4611,p
4618,p
4621,p
4624,p
4625,p
4629,p
4631,p
4637,p
4638,p
4641,p
4642,p
4647,p
4649,p
4652,p
4659,p
4660,p
4662,p
4668,p
4671,p
4676,p
4681,p
4682,p
4686,p
4687,p
4690,p
4691,p
4692,p
4694,p
4695,p
4707,p
4709,p
4714,p
4720,p
4727,p
4731,p
4732,p
4735,p
4736,p
4737,p
4741,p
4746,p
4749,p
4751,p
4755,p
4756,p
4759,p
4760,p
4761,p
4762,p
4764,p
4768,p
4771,p
4779,p
4781,p
4782,p
4783,p
4784,p
4785,p
4788,p
4793,p
4794,p
4796,p
4797,p
4798,p
4802,p
4804,p
4806,p
4808,p
4810,p
4811,p
4818,p
4820,p
4829,p
4830,p
4832,p
4841,p
4845,p
4846,p
4848,p
4849,p
4862,p
4863,p
4864,p
4874,p
4879,p
4880,p
4882,p
4885,p
4894,p
4896,p
4898,p
4899,p
4900,p
4904,p
4905,p
4906,p
4907,p
4908,p
4909,p
4915,p
4917,p
4920,p
4934,p
4938,p
4944,p
4946,p
4947,p
4949,p
4950,p
4953,p
4954,p
4961,p
4962,p
4965,p
4968,p
4972,p
4978,p
4979,p
4983,p
4984,p
4985,p
4987,p
4988,p
4991,p
4993,p
4994,p
4998,p
5000,p
5006,p
5009,p
5025,p
5028,p
5036,p
5037,p
5053,p
5064,p
5067,p
5068,p
5073,p
5078,p
5081,p
5085,p
5087,p
5088,p
5095,p
5096,p
5099,p
5106,p
5111,p
5112,p
5114,p
5118,p
5132,p
5133,p
5135,p
5136,p
5137,p
5138,p
5147,p
5148,p
5150,p
5151,p
5160,p
5165,p
5172,p
5174,p
5181,p
5182,p
5183,p
5184,p
5185,p
5195,p
5200,p
5206,p
5209,p
5212,p
5216,p
5217,p
5218,p
5222,p
5223,p
5224,p
5230,p
5233,p
5241,p
5251,p
5262,p
5267,p
5272,p
5273,p
5275,p
5279,p
5281,p
5285,p
5287,p
5288,p
5289,p
5290,p
5293,p
5296,p
5298,p
5299,p
5301,p
5307,p
5308,p
5310,p
5311,p
5315,p
5316,p
5324,p
5326,p
5327,p
5328,p
5337,p
5338,p
5339,p
5344,p
5345,p
5346,p
5355,p
5358,p
5360,p
5365,p
5370,p
5374,p
5375,p
5379,p
5380,p
5382,p
5383,p
5386,p
5393,p
5394,p
5401,p
5404,p
5412,p
5415,p
5419,p
5420,p
5422,p
5425,p
5426,p
5432,p
5433,p
5435,p
5439,p
5443,p
5449,p
5454,p
5456,p
5463,p
5465,p
5466,p
5468,p
5470,p
5472,p
5476,p
5478,p
5479,p
5485,p
5488,p
5495,p
5496,p
5506,p
5513,p
5515,p
5516,p
5521,p
5522,p
5524,p
5526,p
5528,p
5529,p
5530,p
5537,p
5538,p
5541,p
5542,p
5548,p
5553,p
5554,p
5557,p
5566,p
5568,p
5569,p
5573,p
5574,p
5577,p
5579,p
5580,p
5584,p
5588,p
5589,p
5591,p
5592,p
5595,p
5597,p
5601,p
5605,p
5612,p
5613,p
5615,p
5616,p
5618,p
5619,p
5620,p
5629,p
5635,p
5637,p
5639,p
5640,p
5642,p
5647,p
5648,p
5650,p
5656,p
5658,p
5662,p
5663,p
5666,p
5667,p
5672,p
5675,p
5676,p
5678,p
5685,p
5686,p
5687,p
5688,p
5692,p
5693,p
5696,p
5701,p
5706,p
5708,p
5711,p
5712,p
5719,p
5720,p
5724,p
5726,p
5730,p
5735,p
5736,p
5737,p
5739,p
5745,p
5747,p
5750,p
5752,p
5754,p
5765,p
5769,p
5772,p
5779,p
5788,p
5790,p
5792,p
5793,p
5806,p
5809,p
5812,p
5814,p
5817,p
5822,p
5823,p
5824,p
5828,p
5829,p
5836,p
5837,p
5846,p
5847,p
5848,p
5849,p
5850,p
5851,p
5853,p
5855,p
5856,p
5862,p
5863,p
5864,p
5872,p
5873,p
5875,p
5877,p
5878,p
5880,p
5883,p
5888,p
5891,p
5892,p
5898,p
5902,p
5904,p
5906,p
5908,p
5913,p
5914,p
5915,p
5917,p
5920,p
5921,p
5923,p
5925,p
5926,p
5928,p
5931,p
5932,p
5935,p
5936,p
5937,p
5940,p
5944,p
5945,p
5948,p
5953,p
5955,p
5957,p
5958,p
5968,p
5969,p
5970,p
5973,p
5977,p
5978,p
5982,p
5987,p
5989,p
5998,p
6003,p
6007,p
6008,p
6023,p
6025,p
6037,p
6038,p
6044,p
6045,p
6052,p
6054,p
6057,p
6060,p
6066,p
6075,p
6077,p
6079,p
6080,p
6083,p
6086,p
6088,p
6090,p
6102,p
6106,p
6110,p
6111,p
6112,p
6116,p
6120,p
6122,p
6125,p
6132,p
6133,p
6137,p
6139,p
6145,p
6147,p
6148,p
6151,p
6153,p
6154,p
6155,p
6163,p
6174,p
6175,p
6184,p
6185,p
6187,p
6188,p
6192,p
6197,p
6200,p
6202,p
6207,p
6209,p
6212,p
6223,p
6226,p
6228,p
6231,p
6236,p
6237,p
6241,p
6244,p
6245,p
6248,p
6249,p
6252,p
6261,p
6263,p
6264,p
6272,p
6279,p
6288,p
6289,p
6292,p
6293,p
6298,p
6302,p
6303,p
6307,p
6308,p
6309,p
6312,p
6313,p
6317,p
6320,p
6328,p
6330,p
6331,p
6332,p
6335,p
6338,p
6342,p
6347,p
6350,p
6351,p
6352,p
6357,p
6358,p
6362,p
6366,p
6374,p
6376,p
6377,p
6378,p
6380,p
6383,p
6384,p
6385,p
6390,p
6392,p
6394,p
6396,p
6397,p
6398,p
6400,p
6405,p
6409,p
6410,p
6414,p
6416,p
6418,p
6422,p
6423,p
6424,p
6425,p
6427,p
6431,p
6441,p
6442,p
6447,p
6448,p
6450,p
6451,p
6459,p
6460,p
6461,p
6462,p
6468,p
6470,p
6472,p
6476,p
6480,p
6481,p
6484,p
6486,p
6487,p
6498,p
6500,p
6502,p
6504,p
6509,p
6511,p
6512,p
6513,p
6518,p
6520,p
6525,p
6529,p
6537,p
6542,p
6548,p
6552,p
6553,p
6556,p
6557,p
6561,p
6562,p
6572,p
6573,p
6580,p
6581,p
6583,p
6586,p
6587,p
6588,p
6589,p
6592,p
6596,p
6597,p
6598,p
6600,p
6604,p
6605,p
6606,p
6610,p
6618,p
6623,p
6627,p
6630,p
6631,p
6642,p
6644,p
6649,p
6652,p
6654,p
6659,p
6660,p
6662,p
6666,p
6667,p
6678,p
6679,p
6680,p
6681,p
6689,p
6692,p
6698,p
6701,p
6706,p
6707,p
6715,p
6720,p
6722,p
6725,p
6728,p
6734,p
6735,p
6738,p
6746,p
6747,p
6750,p
6751,p
6752,p
6754,p
6762,p
6763,p
6767,p
6768,p
6777,p
6781,p
6782,p
6783,p
6787,p
6790,p
6791,p
6792,p
6794,p
6795,p
6801,p
6803,p
6808,p
6814,p
6815,p
6817,p
6819,p
6831,p
6837,p
6839,p
6845,p
6850,p
6855,p
6856,p
6857,p
6858,p
6862,p
6867,p
6870,p
6875,p
6879,p
6880,p
6881,p
6892,p
6895,p
6903,p
6905,p
6912,p
6914,p
6915,p
6916,p
6917,p
6919,p
6920,p
6921,p
6924,p
6928,p
6933,p
6941,p
6942,p
6943,p
6944,p
6945,p
6947,p
6950,p
6952,p
6956,p
6957,p
6960,p
6961,p
6963,p
6965,p
6972,p
6974,p
6977,p
6979,p
6982,p
6983,p
6984,p
6989,p
6991,p
6992,p
6997,p
6998,p
7002,p
7003,p
7007,p
7008,p
7010,p
7011,p
7012,p
7022,p
7024,p
7026,p
7031,p
7033,p
7037,p
7039,p
7041,p
7042,p
7046,p
7053,p
7056,p
7057,p
7061,p
7062,p
7066,p
7067,p
7068,p
7070,p
7071,p
7080,p
7087,p
7088,p
7090,p
7095,p
7097,p
7098,p
7106,p
7107,p
7114,p
7116,p
7121,p
7122,p
7140,p
7144,p
7147,p
7148,p
7155,p
7157,p
7160,p
7161,p
7162,p
7163,p
7164,p
7165,p
7171,p
7173,p
7175,p
7177,p
7183,p
7193,p
7197,p
7198,p
7201,p
7202,p
7203,p
7205,p
7206,p
7211,p
7213,p
7219,p
7223,p
7224,p
7226,p
7230,p
7232,p
7233,p
7235,p
7241,p
7242,p
7244,p
7246,p
7247,p
7250,p
7255,p
7256,p
7258,p
7259,p
7261,p
7264,p
7268,p
7270,p
7273,p
7276,p
7278,p
7283,p
7284,p
7286,p
7287,p
7288,p
7294,p
7305,p
7309,p
7311,p
7315,p
7316,p
7320,p
7322,p
7324,p
7332,p
7333,p
7335,p
7337,p
7339,p
7342,p
7344,p
7345,p
7346,p
7349,p
7352,p
7359,p
7360,p
7364,p
7365,p
7366,p
7368,p
7370,p
7385,p
7394,p
7398,p
7399,p
7401,p
7402,p
7403,p
7404,p
7406,p
7410,p
7415,p
7418,p
7428,p
7429,p
7432,p
7434,p
7435,p
7437,p
7438,p
7440,p
7444,p
7446,p
7450,p
7452,p
7455,p
7462,p
7476,p
7477,p
7480,p
7482,p
7485,p
7492,p
7494,p
7498,p
7499,p
7501,p
7509,p
7511,p
7513,p
7517,p
7518,p
7519,p
7520,p
7522,p
7529,p
7530,p
7534,p
7538,p
7540,p
7541,p
7551,p
7554,p
7560,p
7563,p
7569,p
7571,p
7573,p
7574,p
7576,p
7579,p
7580,p
7586,p
7588,p
7590,p
7594,p
7596,p
7602,p
7607,p
7608,p
7610,p
7614,p
7616,p
7620,p
7621,p
7627,p
7630,p
7631,p
7632,p
7636,p
7640,p
7651,p
7653,p
7658,p
7659,p
7661,p
7662,p
7664,p
7665,p
7666,p
7668,p
7670,p
7671,p
7673,p
7674,p
7675,p
7676,p
7679,p
7680,p
7686,p
7691,p
7692,p
7695,p
7697,p
7701,p
7703,p
7704,p
7705,p
7706,p
7707,p
7708,p
7716,p
7717,p
7718,p
7721,p
7722,p
7723,p
7724,p
7727,p
7730,p
7732,p
7733,p
7734,p
7736,p
7738,p
7742,p
7749,p
7755,p
7757,p
7762,p
7764,p
7765,p
7768,p
7773,p
7774,p
7775,p
7780,p
7782,p
7786,p
7787,p
7788,p
7791,p
7792,p
7794,p
7795,p
7798,p
7799,p
7800,p
7804,p
7807,p
7809,p
7812,p
7814,p
7816,p
7817,p
7820,p
7825,p
7828,p
7830,p
7831,p
7837,p
7838,p
7842,p
7844,p
7846,p
7849,p
7850,p
7851,p
7853,p
7855,p
7858,p
7864,p
7868,p
7871,p
7874,p
7875,p
7886,p
7889,p
7899,p
7900,p
7901,p
7902,p
7903,p
7906,p
7909,p
7914,p
7922,p
7924,p
7925,p
7930,p
7935,p
7936,p
7941,p
7945,p
7948,p
7951,p
7953,p
7962,p
7963,p
7964,p
7965,p
7967,p
7972,p
7973,p
7976,p
7979,p
7984,p
7990,p
7991,p
7992,p
7995,p
7996,p
7998,p
8000,p
8001,p
8002,p
8006,p
8018,p
8028,p
8033,p
8035,p
8044,p
8045,p
8046,p
8047,p
8050,p
8054,p
8056,p
8060,p
8061,p
8062,p
8080,p
8083,p
8084,p
8087,p
8093,p
8099,p
8101,p
8102,p
8103,p
8104,p
8109,p
8110,p
8112,p
8113,p
8116,p
8118,p
